1,00001,email,2021-01-26 22:30:00
2,00002,email,2021-02-06 21:01:00
3,00001,email,2021-02-07 09:01:01
4,00002,email,2021-02-22 13:41:06
5,00003,email,2021-02-23 15:20:00
6,00003,email,2021-02-23 17:34:01
7,00002,email,2021-02-23 19:40:02
8,00003,email,2021-02-23 22:20:03
9,00003,email,2021-02-24 22:00:04
10,00003,mobile,2021-02-25 23:40:05
11,00002,email,2021-02-27 22:41:06
12,00001,email,2021-02-28 18:41:07
13,00002,email,2021-02-28 19:21:28
14,00003,email,2021-03-01 19:30:09
15,00003,email,2021-03-02 15:02:10
16,00002,mobile,2021-03-05 17:20:11
17,00002,email,2021-03-08 20:30:12
18,00001,email,2021-03-11 11:25:04
19,00002,email,2021-03-13 21:39:05
20,00003,mobile,2021-03-19 08:22:06
21,00003,email,2021-03-20 18:10:07
22,00003,email,2021-03-22 17:25:08
23,00003,email,2021-03-24 20:27:08
24,00002,email,2021-03-27 19:25:08
25,00002,email,2021-03-29 15:11:38
26,00002,email,2021-03-30 16:15:08
27,00002,mobile,2021-03-31 15:55:08
28,00002,email,2021-04-01 06:17:08
29,00003,email,2021-04-01 12:37:08
30,00003,email,2021-04-01 15:55:08
31,00003,email,2021-04-03 13:01:48
32,00003,email,2021-04-05 18:55:08
33,00004,email,2021-04-06 15:10:16
34,00002,email,2021-04-07 20:10:17
35,00004,email,2021-04-08 23:00:18
36,00003,email,2021-04-09 13:21:19
37,00002,email,2021-04-10 07:31:20
38,00004,mobile,2021-04-11 06:50:21
39,00002,mobile,2021-04-12 16:44:22
40,00003,email,2021-04-13 21:10:23
41,00005,email,2021-04-14 07:09:03
42,00002,email,2021-04-14 10:29:04
43,00004,email,2021-04-14 12:31:34
44,00004,email,2021-04-14 12:51:59
45,00005,email,2021-04-15 07:54:23
46,00004,email,2021-04-16 09:58:40
47,00004,email,2021-04-17 08:27:27
48,00005,email,2021-04-18 09:21:41
49,00004,mobile,2021-04-19 14:14:29
50,00002,email,2021-04-20 12:54:20
51,00004,mobile,2021-04-21 12:34:19
52,00005,email,2021-04-22 13:28:01
53,00004,mobile,2021-04-23 13:34:51
54,00005,mobile,2021-04-24 16:14:29
55,00003,email,2021-04-25 08:54:43
56,00003,email,2021-04-26 08:07:11
57,00002,email,2021-04-27 07:14:41
58,00003,email,2021-04-28 12:54:29
59,00005,email,2021-04-29 11:17:09
60,00002,email,2021-04-30 15:04:17
61,00004,mobile,2021-05-01 16:34:00
62,00005,email,2021-05-02 00:57:29
63,00005,email,2021-05-03 15:53:56
64,00003,email,2021-05-04 08:01:09
65,00006,mobile,2021-05-04 13:41:52
66,00005,email,2021-05-05 07:41:53
67,00006,email,2021-05-06 08:41:54
68,00006,email,2021-05-07 08:45:55
69,00005,email,2021-05-07 21:21:21
70,00004,email,2021-05-08 08:49:57
71,00003,email,2021-05-09 07:11:58
72,00004,email,2021-05-09 08:51:00
73,00003,email,2021-05-10 11:41:15
74,00007,email,2021-05-10 12:19:45
75,00002,email,2021-05-11 09:15:01
76,00004,email,2021-05-12 09:45:16
77,00005,email,2021-05-13 11:35:17
78,00004,email,2021-05-14 11:05:39
79,00005,email,2021-05-15 20:15:15
80,00003,email,2021-05-16 13:33:30
81,00003,email,2021-05-17 09:45:47
82,00007,email,2021-05-18 11:15:50
83,00006,email,2021-05-19 11:10:04
84,00007,email,2021-05-20 15:17:15
85,00006,mobile,2021-05-21 06:35:21
86,00006,email,2021-05-22 07:55:29
87,00003,email,2021-05-23 08:11:40
88,00002,email,2021-05-24 18:41:34
89,00005,email,2021-05-25 10:15:50
90,00002,email,2021-05-26 10:11:10
91,00005,mobile,2021-05-27 11:05:44
92,00004,email,2021-05-28 00:22:11
93,00008,email,2021-05-28 01:11:02
94,00007,email,2021-05-28 06:31:03
95,00005,mobile,2021-05-28 07:50:04
96,00004,email,2021-05-28 14:21:05
97,00006,email,2021-05-28 15:19:06
98,00008,email,2021-05-28 17:11:07
99,00009,email,2021-06-04 12:44:15
100,00008,email,2021-06-05 12:04:18
101,00002,email,2021-06-06 08:44:19
102,00005,email,2021-06-06 09:27:20
103,00004,email,2021-06-06 13:21:19
104,00008,mobile,2021-06-06 14:49:22
105,00007,email,2021-06-07 14:52:23
106,00005,email,2021-06-07 21:14:24
107,00008,email,2021-06-08 16:37:25
108,00010,email,2021-06-09 19:24:38
109,00009,email,2021-06-10 07:44:02
110,00008,mobile,2021-06-11 17:54:36
111,00002,email,2021-06-14 13:04:01
112,00007,email,2021-06-15 12:44:39
113,00007,email,2021-06-18 11:41:51
114,00011,mobile,2021-06-19 10:33:29
115,00010,email,2021-06-19 10:43:30
116,00009,email,2021-06-19 10:58:31
117,00004,email,2021-06-19 12:08:35
118,00012,mobile,2021-06-21 21:48:52
119,00010,email,2021-06-24 20:48:56
120,00009,email,2021-06-25 20:28:57
121,00008,email,2021-06-27 19:59:05
122,00002,email,2021-06-28 22:13:36
123,00005,email,2021-06-29 12:28:11
124,00004,email,2021-06-29 23:58:56
125,00008,email,2021-06-30 20:25:41
126,00007,mobile,2021-07-04 19:34:56
127,00005,mobile,2021-07-06 17:41:39
128,00010,mobile,2021-07-06 21:11:56
129,00009,mobile,2021-07-07 17:37:12
130,00011,mobile,2021-07-10 15:48:56
131,00002,mobile,2021-07-13 13:19:44
132,00005,mobile,2021-07-13 22:08:56
133,00004,mobile,2021-07-16 22:41:44
134,00008,email,2021-07-19 15:48:56
135,00007,email,2021-07-20 16:44:56
136,00005,email,2021-07-21 17:05:41
137,00008,email,2021-07-22 18:46:13
138,00011,email,2021-07-23 19:18:33
139,00009,mobile,2021-07-24 20:58:52
140,00008,email,2021-07-25 21:07:56
141,00002,email,2021-07-26 23:09:56
142,00007,email,2021-07-27 18:35:26
143,00010,mobile,2021-07-28 21:38:00
144,00009,email,2021-07-29 16:04:04
145,00011,email,2021-07-30 10:08:56
146,00002,email,2021-07-31 22:38:26
147,00011,email,2021-08-01 08:22:01
148,00004,mobile,2021-08-02 11:56:36
149,00008,email,2021-08-03 15:18:44
150,00007,email,2021-08-04 19:14:41
151,00005,email,2021-08-05 22:09:56
152,00003,email,2021-08-06 22:59:02
153,00007,email,2021-08-07 00:48:33
154,00006,email,2021-08-08 14:48:18
155,00007,email,2021-08-09 14:39:42
156,00006,email,2021-08-10 14:18:29
157,00006,email,2021-08-11 21:34:25
158,00003,mobile,2021-08-12 21:37:20
159,00002,mobile,2021-08-13 13:48:51
160,00005,email,2021-08-14 17:05:37
161,00002,email,2021-08-15 17:24:44
162,00005,email,2021-08-16 21:22:22
163,00012,email,2021-08-17 19:33:11
164,00010,email,2021-08-18 19:49:51
165,00009,mobile,2021-08-19 22:22:22
166,00008,email,2021-08-20 22:34:27
167,00002,email,2021-08-21 11:48:56
168,00005,email,2021-08-22 13:28:40
169,00004,email,2021-08-23 21:38:14
170,00008,email,2021-08-24 20:28:56
171,00001,mobile,2021-08-25 21:17:06
172,00002,email,2021-08-26 19:48:43
173,00007,email,2021-08-27 20:58:16
174,00003,mobile,2021-08-28 23:21:59
175,00002,email,2021-08-29 17:11:23
176,00012,email,2021-08-30 16:39:02
177,00007,email,2021-08-31 16:59:41
178,00009,email,2021-09-01 17:13:56
179,00008,email,2021-09-02 21:00:11
180,00009,email,2021-09-03 22:35:49
181,00008,email,2021-09-04 21:41:23
182,00010,email,2021-09-05 21:32:05
183,00012,email,2021-09-06 22:36:00
184,00003,email,2021-09-07 21:37:01
185,00002,email,2021-09-08 20:29:09
186,00005,email,2021-09-09 17:48:24
187,00002,email,2021-09-10 16:58:05
188,00005,email,2021-09-11 18:37:25
189,00007,email,2021-09-12 15:41:49
190,00010,email,2021-09-13 21:39:25
191,00009,email,2021-09-14 12:47:55
192,00008,email,2021-09-15 11:39:21
193,00002,email,2021-09-16 19:26:26
194,00003,email,2021-09-17 20:05:11
195,00002,email,2021-09-18 19:48:15
196,00005,email,2021-09-19 20:27:19
197,00002,email,2021-09-20 21:55:06
198,00005,mobile,2021-09-21 21:12:12
199,00012,email,2021-09-22 20:19:56
200,00010,email,2021-09-23 20:24:34
201,00009,mobile,2021-09-24 11:01:02
202,00008,email,2021-09-25 12:41:51
203,00002,email,2021-09-26 17:28:56
204,00005,email,2021-09-27 22:01:41
205,00004,email,2021-09-28 23:33:21
206,00008,email,2021-09-29 20:34:43
207,00001,email,2021-09-30 19:48:56
208,00013,email,2021-10-01 06:17:30
209,00008,email,2021-10-02 13:17:31
210,00010,email,2021-10-03 06:01:31
211,00009,email,2021-10-04 06:29:08
212,00012,email,2021-10-05 07:17:31
213,00008,email,2021-10-06 11:37:55
214,00013,mobile,2021-10-07 07:11:12
215,00002,email,2021-10-08 09:31:00
216,00010,email,2021-10-09 10:49:31
217,00009,email,2021-10-12 13:17:25
218,00012,email,2021-10-14 12:21:27
219,00001,email,2021-10-15 07:57:31
220,00013,email,2021-10-15 11:24:12
221,00001,email,2021-10-17 09:47:31
222,00013,email,2021-10-19 10:15:39
223,00002,email,2021-10-20 10:23:09
224,00014,email,2021-10-21 03:09:58
225,00009,email,2021-10-22 08:00:29
226,00001,email,2021-10-23 03:17:34
227,00007,mobile,2021-10-24 09:09:00
228,00013,email,2021-10-25 09:25:51
229,00001,email,2021-10-26 09:33:27
230,00015,email,2021-10-27 14:46:13
231,00016,email,2021-10-27 23:41:29
232,00014,email,2021-10-29 00:11:23
233,00012,email,2021-10-30 17:46:11
234,00016,email,2021-10-31 19:31:14
235,00013,email,2021-11-01 13:11:23
236,00015,email,2021-11-02 15:21:53
237,00014,email,2021-11-03 16:01:23
238,00010,mobile,2021-11-04 16:19:53
239,00009,email,2021-11-05 13:31:00
240,00016,email,2021-11-06 17:21:00
241,00009,email,2021-11-07 18:39:43
242,00016,email,2021-11-08 20:29:23
243,00001,email,2021-11-09 20:31:35
244,00016,email,2021-11-09 23:09:20
245,00017,email,2021-11-10 15:01:27
246,00009,email,2021-11-10 15:12:28
247,00011,email,2021-11-11 10:39:00
248,00014,mobile,2021-11-12 15:12:21
249,00016,mobile,2021-11-13 12:32:51
250,00005,mobile,2021-11-14 14:10:09
251,00017,mobile,2021-11-15 15:01:28
252,00016,mobile,2021-11-16 19:35:45
253,00007,mobile,2021-11-17 18:12:51
254,00015,mobile,2021-11-18 15:44:30
255,00005,mobile,2021-11-19 10:20:28
256,00002,mobile,2021-11-20 12:29:58
257,00014,email,2021-11-21 09:50:14
258,00012,email,2021-11-22 17:12:33
259,00006,email,2021-11-23 18:50:28
260,00002,email,2021-11-24 12:26:51
261,00016,email,2021-11-25 14:30:28
262,00011,email,2021-11-26 15:01:20
263,00012,email,2021-11-27 14:12:23
264,00008,email,2021-11-28 18:10:28
265,00015,mobile,2021-11-29 19:30:24
266,00014,email,2021-11-30 15:05:28
267,00018,email,2021-12-01 20:55:20
268,00015,email,2021-12-02 15:41:10
269,00001,email,2021-12-03 10:21:01
270,00012,email,2021-12-04 22:12:51
271,00013,email,2021-12-05 00:10:32
272,00011,email,2021-12-06 05:30:44
273,00010,email,2021-12-07 07:28:28
274,00004,email,2021-12-08 09:40:02
275,00016,email,2021-12-09 10:12:41
276,00016,email,2021-12-10 12:20:20
277,00004,email,2021-12-11 18:28:36
278,00012,email,2021-12-12 15:25:41
279,00016,email,2021-12-13 20:55:52
280,00003,email,2021-12-14 15:51:00
281,00003,email,2021-12-15 18:53:28
282,00004,mobile,2021-12-16 15:40:44
283,00018,email,2021-12-17 20:19:58
284,00004,email,2021-12-18 14:12:28
285,00016,email,2021-12-19 15:12:55
286,00009,email,2021-12-20 21:02:01
287,00003,email,2021-12-21 15:52:17
288,00007,email,2021-12-22 10:07:28
289,00018,mobile,2021-12-23 08:41:18
290,00017,email,2021-12-24 09:14:28
291,00009,email,2021-12-24 10:59:11
292,00013,mobile,2021-12-24 11:11:28
293,00004,email,2021-12-24 17:52:21
294,00011,email,2021-12-25 00:11:28
295,00010,mobile,2021-12-26 12:12:40
296,00013,email,2021-12-27 16:54:02
297,00016,email,2021-12-28 16:08:28
298,00015,email,2021-12-29 17:30:28
299,00018,email,2021-12-30 12:31:11
300,00018,email,2021-12-31 12:36:12
301,00017,email,2022-01-01 11:11:42
302,00019,email,2022-01-03 05:22:01
303,00020,mobile,2022-01-04 10:11:14
304,00021,email,2022-01-05 13:15:00
305,00013,email,2022-01-06 07:15:01
306,00016,email,2022-01-07 08:35:45
307,00011,mobile,2022-01-08 09:02:05
308,00013,email,2022-01-09 07:31:09
309,00009,email,2022-01-10 17:45:05
310,00015,email,2022-01-11 13:59:38
311,00016,email,2022-01-12 13:21:01
312,00002,email,2022-01-13 13:29:11
313,00008,email,2022-01-14 13:40:49
314,00015,mobile,2022-01-15 15:27:41
315,00005,email,2022-01-16 14:47:09
316,00016,email,2022-01-17 17:16:01
317,00022,email,2022-01-21 19:00:31
318,00008,email,2022-01-22 13:00:40
319,00004,mobile,2022-01-23 14:00:33
320,00003,mobile,2022-01-24 15:17:02
321,00007,mobile,2022-01-25 14:22:32
322,00004,mobile,2022-01-27 20:00:32
323,00003,mobile,2022-01-28 21:50:55
324,00008,email,2022-01-30 22:09:31
325,00023,email,2022-01-31 16:44:47
326,00024,email,2022-02-01 09:31:54
327,00025,email,2022-02-01 14:14:10
328,00011,email,2022-02-02 12:14:11
329,00025,email,2022-02-03 12:41:10
330,00015,email,2022-02-04 23:14:01
331,00001,email,2022-02-05 15:54:17
332,00003,email,2022-02-06 14:57:51
333,00017,email,2022-02-07 14:44:44
334,00007,email,2022-02-08 12:34:55
335,00006,email,2022-02-09 11:34:11
336,00021,email,2022-02-10 01:09:02
337,00022,email,2022-02-11 10:27:11
338,00026,email,2022-02-12 10:33:12
339,00021,email,2022-02-13 17:14:11
340,00002,email,2022-02-14 18:14:19
341,00005,email,2022-02-15 18:19:38
342,00007,email,2022-02-16 13:30:11
343,00007,email,2022-02-17 14:09:10
344,00016,email,2022-02-18 14:17:00
345,00024,email,2022-02-19 14:22:51
346,00018,email,2022-02-20 15:19:19
347,00017,mobile,2022-02-21 16:41:33
348,00015,email,2022-02-22 18:24:01
349,00012,email,2022-02-23 19:31:25
350,00011,email,2022-02-24 17:45:11
351,00011,email,2022-02-25 13:04:00
352,00001,email,2022-02-26 14:57:11
353,00017,email,2022-02-27 10:14:09
354,00020,email,2022-02-28 11:11:11
355,00015,email,2022-03-01 15:28:35
356,00002,email,2022-03-02 18:31:11
357,00024,mobile,2022-03-03 13:17:38
358,00026,email,2022-03-08 01:15:25
359,00002,email,2022-03-09 01:15:26
360,00003,email,2022-03-10 00:15:56
361,00019,email,2022-03-11 07:15:27
362,00012,email,2022-03-12 08:15:02
363,00015,email,2022-03-13 09:14:34
364,00023,email,2022-03-14 09:29:29
365,00014,email,2022-03-15 08:51:26
366,00015,email,2022-03-15 13:45:25
367,00012,email,2022-03-16 13:15:00
368,00018,email,2022-03-17 14:45:55
369,00027,email,2022-03-17 16:21:44
370,00006,email,2022-03-18 04:21:45
371,00023,email,2022-03-19 05:59:40
372,00010,email,2022-03-20 13:29:45
373,00012,mobile,2022-03-21 19:39:39
374,00018,email,2022-03-22 18:20:05
375,00006,email,2022-03-23 18:22:35
376,00024,email,2022-03-24 16:11:45
377,00011,email,2022-03-25 16:35:25
378,00011,email,2022-03-26 13:21:45
379,00011,email,2022-03-27 12:47:41
380,00022,email,2022-03-28 13:21:45
381,00015,mobile,2022-03-29 17:00:11
382,00011,email,2022-03-30 18:17:22
383,00016,mobile,2022-03-31 19:21:01
384,00028,email,2022-04-01 08:15:58
385,00001,mobile,2022-04-01 22:00:00
386,00029,mobile,2022-04-02 09:03:24
387,00024,email,2022-04-02 15:43:23
388,00030,email,2022-04-02 21:20:07
389,00019,email,2022-04-02 23:07:01
